[
    {
        "title": "常用推荐",
        "class": "linecons-star",
        "child": [],
        "list": [
            {
                "title": "Dribbble",
                "url": "https://dribbble.com/",
                "logo": "assets/images/logos/dribbble.png",
                "desc": "全球UI设计师作品分享平台。"
            },
            {
                "title": "Behance",
                "url": "https://behance.net/",
                "logo": "assets/images/logos/behance.png",
                "desc": "Adobe旗下的设计师交流平台，来自世界各地的设计师在这里分享自己的作品。"
            },
            {
                "title": "UI中国",
                "url": "http://www.ui.cn/",
                "logo": "assets/images/logos/uicn.png",
                "desc": "图形交互与界面设计交流、作品展示、学习平台。"
            },
            {
                "title": "站酷",
                "url": "http://www.zcool.com.cn/",
                "logo": "assets/images/logos/zcool.png",
                "desc": "中国人气设计师互动平台"
            },
            {
                "title": "Pinterest",
                "url": "https://www.pinterest.com/",
                "logo": "assets/images/logos/pinterest.png",
                "desc": "全球美图收藏采集站"
            },
            {
                "title": "花瓣",
                "url": "http://huaban.com/",
                "logo": "assets/images/logos/huaban.png",
                "desc": "收集灵感,保存有用的素材"
            },
            {
                "title": "Medium",
                "url": "https://medium.com/",
                "logo": "assets/images/logos/medium.png",
                "desc": "高质量设计文章"
            },
            {
                "title": "优设网",
                "url": "http://www.uisdc.com/",
                "logo": "assets/images/logos/uisdc.png",
                "desc": "设计师交流学习平台"
            }
        ]
    },
    {
        "title": "社区资讯",
        "class": "linecons-doc",
        "child": [],
        "list": [
            {
                "title": "雷锋网",
                "url": "https://www.leiphone.com/",
                "logo": "assets/images/logos/leiphone.png",
                "desc": "人工智能和智能硬件领域的互联网科技媒体"
            },
            {
                "title": "猎云网",
                "url": "http://www.lieyunwang.com/",
                "logo": "assets/images/logos/lieyunwang.png",
                "desc": "互联网创业项目推荐和创业创新资讯"
            },
            {
                "title": "人人都是产品经理",
                "url": "http://www.woshipm.com/",
                "logo": "assets/images/logos/woshipm.png",
                "desc": "产品经理、产品爱好者学习交流平台"
            },
            {
                "title": "互联网早读课",
                "url": "https://www.zaodula.com/",
                "logo": "assets/images/logos/zaodula.png",
                "desc": "互联网行业深度阅读与学习平台"
            },
            {
                "title": "PMCAFF",
                "url": "http://www.pmcaff.com/",
                "logo": "assets/images/logos/pmcaff.png",
                "desc": "中国第一产品经理人气组织，专注于研究互联网产品"
            },
            {
                "title": "爱运营",
                "url": "http://www.iyunying.org/",
                "logo": "assets/images/logos/iyunying.png",
                "desc": "网站运营人员学习交流，专注于网站产品运营管理、淘宝运营。"
            }
        ]
    },
    {
        "title": "灵感采集",
        "class": "linecons-lightbulb",
        "child": [
            {
                "title": "发现产品",
                "list": [
                    {
                        "title": "36氪NEXT",
                        "url": "http://next.36kr.com/posts",
                        "logo": "assets/images/logos/NEXT.png",
                        "desc": "不错过任何一个新产品"
                    },
                    {
                        "title": "少数派",
                        "url": "https://sspai.com/",
                        "logo": "assets/images/logos/sspai.png",
                        "desc": "高品质数字消费指南"
                    },
                    {
                        "title": "利器",
                        "url": "http://liqi.io/",
                        "logo": "assets/images/logos/liqi.png",
                        "desc": "创造者和他们的工具"
                    },
                    {
                        "title": "小众软件",
                        "url": "https://faxian.appinn.com/",
                        "logo": "assets/images/logos/appinn.png",
                        "desc": "在这里发现更多有趣的应用"
                    },
                    {
                        "title": "独立开发者社区",
                        "url": "https://indiehackers.net/",
                        "logo": "https://indiehackers-1251406926.cos.ap-chengdu.myqcloud.com/hackers/7cl3u.png",
                        "desc": "在这里发现更多有趣的应用"
                    },
                    {
                        "title": "最美应用",
                        "url": "http://zuimeia.com/",
                        "logo": "http://static.zuimeia.com/product/img/title_logo.png",
                        "desc": "优秀app推荐"
                    }
                ]
            },
            {
                "title": "界面灵感",
                "list": [
                    {
                        "title": "UiiiUiii 灵感频道",
                        "url": "https://uiiiuiii.com/inspiration",
                        "logo": "https://image.uisdc.com/wp-content/uploads/2020/03/sdcnav-1-uu2.png",
                        "desc": "优优教程网旗下产品"
                    },
                    {
                        "title": "学ui网截图",
                        "url": "http://app.xueui.cn/",
                        "logo": "https://kung-1252408270.cos.ap-chengdu.myqcloud.com/markdown/20201024215242.png",
                        "desc": "优秀app截图"
                    }
                ]
            },
            {
                "title": "网页灵感",
                "list": [
                    {
                        "title": "Awwwards",
                        "url": "https://www.awwwards.com/",
                        "logo": "assets/images/logos/awwwards.png",
                        "desc": "Awwwards are the Website Awards that recognize and promote the talent and effort of the best developers, designers and web agencies in the world."
                    },
                    {
                        "title": "CSS Design Awards",
                        "url": "https://www.cssdesignawards.com/",
                        "logo": "assets/images/logos/CSSDesignAwards.png",
                        "desc": "Website Awards & Inspiration - CSS Gallery"
                    },
                    {
                        "title": "The FWA",
                        "url": "https://thefwa.com/",
                        "logo": "assets/images/logos/fwa.png",
                        "desc": "FWA - showcasing innovation every day since 2000"
                    },
                    {
                        "title": "Ecommercefolio",
                        "url": "http://www.ecommercefolio.com/",
                        "logo": "assets/images/logos/Ecommercefolio.png",
                        "desc": "Only the Best Ecommerce Design Inspiration"
                    },
                    {
                        "title": "Lapa",
                        "url": "http://www.lapa.ninja/",
                        "logo": "assets/images/logos/Lapa.png",
                        "desc": "The best landing page design inspiration from around the web."
                    },
                    {
                        "title": "Reeoo",
                        "url": "http://reeoo.com/",
                        "logo": "assets/images/logos/reeoo.png",
                        "desc": "web design inspiration and website gallery"
                    },
                    {
                        "title": "Designmunk",
                        "url": "https://designmunk.com/",
                        "logo": "assets/images/logos/designmunk.png",
                        "desc": "Best Homepage Design Inspiration"
                    },
                    {
                        "title": "Best Websites Gallery",
                        "url": "https://bestwebsite.gallery/",
                        "logo": "assets/images/logos/BWG.png",
                        "desc": "Website Showcase Inspiration | Best Websites Gallery"
                    },
                    {
                        "title": "Pages",
                        "url": "http://www.pages.xyz/",
                        "logo": "assets/images/logos/pages.png",
                        "desc": "Curated directory of the best Pages"
                    },
                    {
                        "title": "SiteSee",
                        "url": "https://sitesee.co/",
                        "logo": "assets/images/logos/SiteSee.png",
                        "desc": "SiteSee is a curated gallery of beautiful, modern websites collections."
                    },
                    {
                        "title": "Site Inspire",
                        "url": "https://www.siteinspire.com/",
                        "logo": "assets/images/logos/siteInspire.png",
                        "desc": "A CSS gallery and showcase of the best web design inspiration."
                    },
                    {
                        "title": "WebInspiration",
                        "url": "http://web.uedna.com/",
                        "logo": "assets/images/logos/WebInspiration.png",
                        "desc": "网页设计欣赏,全球顶级网页设计"
                    },
                    {
                        "title": "navnav",
                        "url": "http://navnav.co/",
                        "logo": "assets/images/logos/navnav.png",
                        "desc": "A ton of CSS, jQuery, and JavaScript responsive navigation examples, demos, and tutorials from all over the web."
                    }
                ]
            }
        ]
    },
    {
        "title": "素材资源",
        "class": "linecons-thumbs-up",
        "child": [
            {
                "title": "图标素材",
                "list": [
                    {
                        "title": "Iconfinder",
                        "url": "https://www.iconfinder.com",
                        "logo": "assets/images/logos/Iconfinder.png",
                        "desc": "2,100,000+ free and premium vector icons."
                    },
                    {
                        "title": "iconfont",
                        "url": "https://www.iconfont.cn/",
                        "logo": "assets/images/logos/iconfont.png",
                        "desc": "阿里巴巴矢量图标库"
                    },
                    {
                        "title": "iconmonstr",
                        "url": "https://iconmonstr.com/",
                        "logo": "assets/images/logos/iconmonstr.png",
                        "desc": "Free simple icons for your next project"
                    },
                    {
                        "title": "Icon Archive",
                        "url": "http://www.iconarchive.com/",
                        "logo": "assets/images/logos/iconarchive.png",
                        "desc": "Search 590,912 free icons"
                    },
                    {
                        "title": "FindIcons",
                        "url": "https://findicons.com/",
                        "logo": "assets/images/logos/FindIcons.png",
                        "desc": "Search through 300,000 free icons"
                    },
                    {
                        "title": "IcoMoonApp",
                        "url": "https://icomoon.io/app/",
                        "logo": "assets/images/logos/IcoMoonApp.png",
                        "desc": "Icon Font, SVG, PDF &amp; PNG Generator"
                    },
                    {
                        "title": "easyicon",
                        "url": "http://www.easyicon.net/",
                        "logo": "assets/images/logos/easyicon.png",
                        "desc": "PNG、ICO、ICNS格式图标搜索、图标下载服务"
                    },
                    {
                        "title": "flaticon",
                        "url": "https://www.flaticon.com/",
                        "logo": "assets/images/logos/flaticon.png",
                        "desc": "634,000+ Free vector icons in SVG, PSD, PNG, EPS format or as ICON FONT."
                    },
                    {
                        "title": "UICloud",
                        "url": "http://ui-cloud.com/",
                        "logo": "assets/images/logos/UICloud.png",
                        "desc": "The largest user interface design database in the world."
                    },
                    {
                        "title": "Material icons",
                        "url": "https://material.io/icons/",
                        "logo": "assets/images/logos/Materialicons.png",
                        "desc": "Access over 900 material system icons, available in a variety of sizes and densities, and as a web font."
                    },
                    {
                        "title": "Font Awesome Icon",
                        "url": "https://fontawesome.com/icons",
                        "logo": "assets/images/logos/fontawesomeicon.png",
                        "desc": "The complete set of 675 icons in Font Awesome"
                    },
                    {
                        "title": "ion icons",
                        "url": "http://ionicons.com/",
                        "logo": "assets/images/logos/ionicons.png",
                        "desc": "The premium icon font for Ionic Framework."
                    },
                    {
                        "title": "Simpleline Icons",
                        "url": "http://simplelineicons.com/",
                        "logo": "assets/images/logos/simplelineicons.png",
                        "desc": "Simple line Icons pack"
                    }
                ]
            },
            {
                "title": "LOGO设计",
                "list": [
                    {
                        "title": "Iconsfeed",
                        "url": "http://www.iconsfeed.com/",
                        "logo": "assets/images/logos/iconsfeed.png",
                        "desc": "iOS icons gallery"
                    },
                    {
                        "title": "iOS Icon Gallery",
                        "url": "http://iosicongallery.com/",
                        "logo": "assets/images/logos/iosicongallery.png",
                        "desc": "Showcasing beautiful icon designs from the iOS App Store"
                    },
                    {
                        "title": "World Vector Logo",
                        "url": "https://worldvectorlogo.com/",
                        "logo": "assets/images/logos/worldvectorlogo.png",
                        "desc": "Brand logos free to download"
                    },
                    {
                        "title": "Instant Logo Search",
                        "url": "http://instantlogosearch.com/",
                        "logo": "assets/images/logos/InstantLogoSearch.png",
                        "desc": "Search & download thousands of logos instantly"
                    }
                ]
            },
            {
                "title": "平面素材",
                "list": [
                    {
                        "title": "freepik",
                        "url": "https://www.freepik.com/",
                        "logo": "assets/images/logos/freepik.png",
                        "desc": "More than a million free vectors, PSD, photos and free icons."
                    },
                    {
                        "title": "wallhalla",
                        "url": "https://wallhalla.com/",
                        "logo": "assets/images/logos/wallhalla.png",
                        "desc": "Find awesome high quality wallpapers for desktop and mobile in one place."
                    },
                    {
                        "title": "365PSD",
                        "url": "https://365psd.com/",
                        "logo": "assets/images/logos/365PSD.png",
                        "desc": "Free PSD &amp; Graphics, Illustrations"
                    },
                    {
                        "title": "Medialoot",
                        "url": "https://medialoot.com/",
                        "logo": "assets/images/logos/Medialoot.png",
                        "desc": "Free &amp; Premium Design Resources &mdash; Medialoot"
                    },
                    {
                        "title": "千图网",
                        "url": "http://www.58pic.com/",
                        "logo": "assets/images/logos/qiantu.png",
                        "desc": "专注免费设计素材下载的网站"
                    },
                    {
                        "title": "千库网",
                        "url": "http://588ku.com/",
                        "logo": "assets/images/logos/qianku.png",
                        "desc": "免费png图片背景素材下载"
                    },
                    {
                        "title": "我图网",
                        "url": "http://www.ooopic.com/",
                        "logo": "assets/images/logos/wotu.png",
                        "desc": "我图网,提供图片素材及模板下载,专注正版设计作品交易"
                    },
                    {
                        "title": "90设计",
                        "url": "http://90sheji.com/",
                        "logo": "assets/images/logos/90sheji.png",
                        "desc": "电商设计（淘宝美工）千图免费淘宝素材库"
                    },
                    {
                        "title": "昵图网",
                        "url": "http://www.nipic.com/",
                        "logo": "assets/images/logos/nipic.png",
                        "desc": "原创素材共享平台"
                    },
                    {
                        "title": "懒人图库",
                        "url": "http://www.lanrentuku.com/",
                        "logo": "assets/images/logos/lanrentuku.png",
                        "desc": "懒人图库专注于提供网页素材下载"
                    },
                    {
                        "title": "PS饭团网",
                        "url": "http://psefan.com/",
                        "logo": "assets/images/logos/psefan.png",
                        "desc": "不一样的设计素材库！让自己的设计与众不同！"
                    },
                    {
                        "title": "素材中国",
                        "url": "http://www.sccnn.com/",
                        "logo": "assets/images/logos/sccnn.png",
                        "desc": "免费素材共享平台"
                    }
                ]
            },
            {
                "title": "UI资源",
                "list": [
                    {
                        "title": "云瑞",
                        "url": "https://www.yrucd.com/",
                        "logo": "assets/images/logos/yrucd.png",
                        "desc": "优秀设计资源的分享网站"
                    },
                    {
                        "title": "稀土区",
                        "url": "https://xituqu.com/",
                        "logo": "assets/images/logos/xituqu.png",
                        "desc": "优质设计开发资源分享"
                    },
                    {
                        "title": "ui8",
                        "url": "https://ui8.net/",
                        "logo": "assets/images/logos/ui8.png",
                        "desc": "UI Kits, Wireframe Kits, Templates, Icons and More"
                    },
                    {
                        "title": "UIkit.me",
                        "url": "http://www.uikit.me/",
                        "logo": "assets/images/logos/uikitme.png",
                        "desc": "最便捷新鲜的uikit资源下载网站"
                    },
                    {
                        "title": "Fribbble",
                        "url": "http://www.fribbble.com/",
                        "logo": "assets/images/logos/Fribbble.png",
                        "desc": "Free PSD files and other free design resources by Dribbblers."
                    },
                    {
                        "title": "PrincipleRepo",
                        "url": "http://principlerepo.com/",
                        "logo": "assets/images/logos/PrincipleRepo.png",
                        "desc": "Free, High Quality Principle Resources"
                    }
                ]
            },
            {
                "title": "Sketch资源",
                "list": [
                    {
                        "title": "Sketch",
                        "url": "https://sketchapp.com/",
                        "logo": "assets/images/logos/Sketch.png",
                        "desc": "The digital design toolkit"
                    },
                    {
                        "title": "Sketch Measure",
                        "url": "http://utom.design/measure/",
                        "logo": "assets/images/logos/SketchMeasure.png",
                        "desc": "Friendly user interface offers you a more intuitive way of making marks."
                    },
                    {
                        "title": "Sketch App Sources",
                        "url": "https://www.sketchappsources.com/",
                        "logo": "assets/images/logos/sketchappsources.png",
                        "desc": "Free design resources and plugins - Icons, UI Kits, Wireframes, iOS, Android Templates for Sketch"
                    },
                    {
                        "title": "Sketch.im",
                        "url": "http://www.sketch.im/",
                        "logo": "assets/images/logos/sketchIm.png",
                        "desc": "Sketch 相关资源汇聚"
                    },
                    {
                        "title": "Sketch中文网",
                        "url": "http://www.sketchcn.com/",
                        "logo": "assets/images/logos/sketchcn.png",
                        "desc": "分享最新的Sketch中文手册"
                    },
                    {
                        "title": "Sketchcasts",
                        "url": "https://www.sketchcasts.net/",
                        "logo": "assets/images/logos/sketchcasts.png",
                        "desc": "Learn Sketch Train your design skills with a weekly video tutorial"
                    }
                ]
            },
            {
                "title": "字体资源",
                "list": [
                    {
                        "title": "方正字库",
                        "url": "http://www.foundertype.com/",
                        "logo": "assets/images/logos/Fondertype.png",
                        "desc": "方正字库官方网站"
                    },
                    {
                        "title": "字体传奇网",
                        "url": "http://ziticq.com/",
                        "logo": "assets/images/logos/ziticq.png",
                        "desc": "中国首个字体品牌设计师交流网"
                    },
                    {
                        "title": "私藏字体",
                        "url": "http://sicangziti.com/",
                        "logo": "assets/images/logos/sicangziti.png",
                        "desc": "优质字体免费下载站"
                    },
                    {
                        "title": "字蛛",
                        "url": "https://www.font-spider.org/",
                        "logo": "https://kung-1252408270.cos.ap-chengdu.myqcloud.com/markdown/20201025153247.png",
                        "desc": "让网页自由引入中文字体成为可能"
                    }
                ]
            },
            {
                "title": "摄影图库",
                "list": [
                    {
                        "title": "pixabay",
                        "url": "https://pixabay.com/",
                        "logo": "assets/images/logos/pixabay.png",
                        "desc": "可在任何地方使用的免费图片和视频"
                    }
                ]
            },
            {
                "title": "PPT资源",
                "list": [
                    {
                        "title": "优品PPT",
                        "url": "http://www.ypppt.com/",
                        "logo": "assets/images/logos/ypppt.png",
                        "desc": "高质量的模版，而且还有PPT图表，PPT背景图等资源"
                    },
                    {
                        "title": "PPT+",
                        "url": "http://www.pptplus.cn/",
                        "logo": "assets/images/logos/pptplus.png",
                        "desc": "PPT加直播、录制和分享—PPT+语音内容分享平台"
                    },
                    {
                        "title": "PPTMind",
                        "url": "http://www.pptmind.com/",
                        "logo": "assets/images/logos/pptmind.png",
                        "desc": "分享高端ppt模板与keynote模板的数字作品交易平台"
                    },
                    {
                        "title": "5百丁",
                        "url": "http://ppt.500d.me/",
                        "logo": "assets/images/logos/500d.png",
                        "desc": "中国领先的PPT模板共享平台"
                    }
                ]
            }
        ]
    },
    {
        "title": "常用工具",
        "class": "linecons-diamond",
        "child": [
            {
                "title": "在线工具",
                "list": [
                    {
                        "title": "tinypng",
                        "url": "https://tinypng.com/",
                        "logo": "assets/images/logos/tinypng.png",
                        "desc": "在线图片压缩工具"
                    },
                    {
                        "title": "稿定抠图",
                        "url": "https://www.gaoding.com",
                        "logo": "assets/images/logos/gaoding.png",
                        "desc": "免费在线抠图软件,图片快速换背景-抠白底图"
                    },
                    {
                        "title": "svgomg",
                        "url": "https://jakearchibald.github.io/svgomg/",
                        "logo": "assets/images/logos/svgomg.png",
                        "desc": "SVG在线压缩平台"
                    }
                ]
            },
            {
                "title": "H5制作",
                "list": [
                    {
                        "title": "Dribbble",
                        "url": "https://dribbble.com/",
                        "logo": "assets/images/logos/dribbble.png",
                        "desc": "全球UI设计师作品分享平台。"
                    }
                ]
            }
        ]
    },
    {
        "title": "学习教程",
        "class": "linecons-pencil",
        "child": [
            {
                "title": "视频教程",
                "list": [
                    {
                        "title": "doyoudo",
                        "url": "http://doyoudo.com/",
                        "logo": "assets/images/logos/doyoudo.png",
                        "desc": "创意设计软件学习平台"
                    },
                    {
                        "title": "没位道",
                        "url": "http://www.c945.com/web-ui-tutorial/",
                        "logo": "assets/images/logos/web_ui_tutorial.png",
                        "desc": "WEB UI免费视频公开课"
                    },
                    {
                        "title": "慕课网",
                        "url": "https://www.imooc.com/",
                        "logo": "assets/images/logos/imooc.png",
                        "desc": "程序员的梦工厂（有UI课程）"
                    }
                ]
            },
            {
                "title": "设计文章",
                "list": [
                    {
                        "title": "优设网",
                        "url": "http://www.uisdc.com/",
                        "logo": "assets/images/logos/uisdc.png",
                        "desc": "设计师交流学习平台"
                    },
                    {
                        "title": "Web Design Ledger",
                        "url": "https://webdesignledger.com/",
                        "logo": "assets/images/logos/webdesignledger.png",
                        "desc": "Web Design Blog"
                    },
                    {
                        "title": "Medium",
                        "url": "https://medium.com/",
                        "logo": "assets/images/logos/medium.png",
                        "desc": "Read, write and share stories that matter"
                    }
                ]
            },
            {
                "title": "交互设计",
                "list": [
                    {
                        "title": "UX Ren",
                        "url": "http://uxren.cn/",
                        "logo": "assets/images/logos/uxren.png",
                        "desc": "用户体验人的专业社区"
                    }
                ]
            }
        ]
    },
    {
        "title": "UED团队",
        "class": "linecons-user",
        "child": [],
        "list": [
            {
                "title": "腾讯CDC",
                "url": "http://cdc.tencent.com/",
                "logo": "assets/images/logos/cdc.png",
                "desc": "腾讯CDC关注于互联网视觉设计、交互设计、用户研究、前端开发。"
            },
            {
                "title": "腾讯TGideas",
                "url": "http://tgideas.qq.com/",
                "logo": "assets/images/logos/tgideas.png",
                "desc": "TGideas隶属于腾讯公司互动娱乐业务系统的专业推广类设计团队"
            },
            {
                "title": "腾讯ISUX",
                "url": "https://isux.tencent.com/",
                "logo": "assets/images/logos/isux.png",
                "desc": "腾讯社交用户体验设计部"
            },
            {
                "title": "阿里Aliued",
                "url": "http://www.aliued.com/",
                "logo": "assets/images/logos/aliued.png",
                "desc": "阿里巴巴国际UED团队"
            },
            {
                "title": "网易uedc",
                "url": "http://uedc.163.com/",
                "logo": "assets/images/logos/aliued.png",
                "desc": "网易用户体验设计中心（User Experience Design Center）"
            },
            {
                "title": "百度用户体验中心",
                "url": "http://ued.baidu.com/",
                "logo": "assets/images/logos/uedbaidu.png",
                "desc": "百度用户体验中心"
            },
            {
                "title": "京东设计中心",
                "url": "http://jdc.jd.com/",
                "logo": "assets/images/logos/jdc.png",
                "desc": "京东设计中心"
            }
        ]
    }
]